{"cameraMode":{"drawMode":0,"name":"Shaded","section":"Shading Mode"},"sceneLighting":false,"audioPlay":false,"sceneViewState":{"m_AlwaysRefresh":false,"showFog":false,"showSkybox":false,"showFlares":false,"showImageEffects":false,"showParticleSystems":false,"showVisualEffectGraphs":true,"m_FxEnabled":true},"in2DMode":false,"pivot":{"x":0.00001049041748046875,"y":0.9096740484237671,"z":-0.04285259544849396},"rotation":{"x":-0.002203177660703659,"y":0.992066502571106,"z":-0.12446637451648712,"w":-0.017560401931405069},"size":1.1788843870162964,"orthographic":false}